sentence	level
defin compound interest	1
defin mercantil	1
defin stream bank floodplain and substrat	1
draw and label a diagram of a typic stream	1
identifi the five major prophet of the old testament	1
identifi the part of a eukaryot cell	1
label olymp sport apparatus design featur	1
name artist who paint mona lisa	1
recit poem auto wreck	1
recit principl data protect act	1
state definit applic bloom taxonomi	1
describ prose what shown graph form	2
describ word how borrow book librari	2
explain word how creat queri databas	2
express opinion drug sport poetri	2
blueprint describ articl depict	2
given graph product trend automobil describ what graph repres memo boss	2
outlin word how leggo tomato past advertis sell product	2
restat main idea stori word	2
state word where librari previous issu journal longer display rack	2
tell how phillip kept aliv timothi die	2
tell word how set stori made interest	2
tell what meant definit isoscel triangl	2
appli law statist evalu reliabl written test	3
choos presid explain how exercis power command chief arm forc	3
classifi frog toad amphibian	3
classifi anim group	3
construct model demonstr how work	3
demonstr how work industri set	3
deriv kinet model experiment data	3
describ experi answer question effect weight fall object	3
draw pictur bear hous	3
met person who courag timothi stori explain	3
relat principl reinforc classroom interact	3
use cost model vari price good maximis profit minimis cost	3
who use what know about sonnet finish poem	3
break compon standard film camera explain how interact make machin work	4
compar map tecton plate earthquak map what infer make	4
differ feel pa lia stori	4
compar herbati carnivor anim venn diagram	4
compar dog food commerci what differ how do sell product	4
distinguish micro macro econom	4
examin what help make good olymp think about money schedul sport peopl	4
how would stori differ happen differ countri	4
stori occur long ago compar time today good paragraph modern stori compar long time ago tell what would differ	4
infer what would happen media ban olymp sport	4
look word word bank describ peopl write word describ pa lia calliop howi correct column	4
make diagnosi analyz case studi	4
pick main charact think shape fit person trait draw shape describ charact insid shape	4
recogn logic fallaci reason	4
select athlet centuri analys whi chose person	4
use previous exampl compound month instead daili what would differ	4
construct poster advertis new food product excit irresist way	5
critiqu experiment design research propos	5
decid whether favor build floodplain defend posit debat	5
establish criteria make choic defend final select	5
evalu board game justifi whi rule import	5
explain justifi new budget	5
judg whether would possibl surviv island blind write about	5
judg whether olymp ideal realist unrealist contemporari elit athlet	5
listen classmat convers tape critiqu perform basi skill cover semest	5
predict whether phillip visit cay year recoveri assum get sight	5
select effect solut	5
use judg juri discuss statement children enjoy anthoni brown book illustr	5
what criteria would use assess valid busi contract	5
what book did like best tell whi like	5
compos class stori	6
compos rhythm new word known melodi	6
creat new song open line mari littl lamb	6
describ what like blind cay	6
design machin perform specif task	6
develop hypothesi	6
develop plausibl end short stori	6
devis plan market make artwork valuabl	6
draw paint use various principl perspect achiev effect	6
how write stori citi set	6
how would differ south won civil war	6
invent machin do specif task	6
make new languag code write materi use	6
revis process improv outcom	6
