defin mean olymp motto	1
identifi correct definit osmosi	1
identifi standard peripher compon	1
list characterist peculiar cubist movement	1
list level bloom taxonomi	1
list step involv titrat	1
list characterist uniqu cubist movement	1
make list fact learn stori	1
name food group item food group	1
name major food group	1
name main charact stori	1
quot what ict stand	1
recit polici	1
state pattern express time french	1
state rule ball strike basebal	1
state rule use semicolon sentenc	1
write equat ideal gas law	1
compar calliop howi use word bank	2
describ how phillip timothi surviv cay	2
describ word how copi text program	2
describ word what happen when stream veloc slow	2
describ word what meant sprain ankl	2
describ nuclear transport lay person	2
describ what took place hato sink	2
explain how timothi save phillip life	2
explain word what recess gene	2
explain word what meant mercantil	2
explain what poem mean	2
illustr caption olymp media event inform societi	2
illustr what think main idea	2
sentenc explain main idea written passag	2
sentenc give point written passag	2
interpret pictur	2
outlin import insight tale	2
paraphras what hamlet say soliloquy	2
restat olymp motto word	2
retel stori word	2
rewrit principl test write	2
state word rule ball strike basebal	2
summar stori word	2
summar basic tenet collabor conserv	2
summar basic tenet deconstruction	2
summar magazin articl	2
tell word begin book	2
translat written text aloud l2 english	2
translat equat spreadsheet	2
translat equat spreadsheet formula	2
translat follow passag iliad english	2
appli shade produc depth draw	3
appli storytel techniqu littl stori	3
appli understand olymp spirit develop new motto slogan	3
calcul deflect beam uniform load	3
calcul rate habitat fragment colorado rang decad	3
categoris pictur add wall display	3
choos countri doe compet olymp explain whi countri olymp member	3
classifi celebr famili communiti categori	3
comput area actual circl	3
demonstr use opac knowledg librari organ book about turtl	3
design market strategi product use known strategi model	3
dramat mother	3
dramat problem homeown encount build floodplain	3
draw 3 pictur show begin middl end stori	3
draw pictur gown cinderella wore ball	3
make diorama illustr import event	3
make paper mach map includ relev inform about event	3
make scrapbook about area studi	3
make puzzl game use idea studi area	3
model olymp villag new millenium	3
predict what happen increas	3
pretend charact book write diari about happen life consecut day	3
solv follow fraction multipl problem make sure show work	3
collect photograph demonstr particular point	3
use manual calcul employe vacat time	3
use distanc travel cost petrol calcul cost coach trip use spreadsheet	3
use rule semicolon sentenc	3
analys safe danger aspect featur	4
analys characterist frog	4
analys movement sound frog	4
break main action stori	4
categoris olymp sport order difficulti describ reason select	4
compar contrast anim class made	4
compar contrast school communiti	4
compar contrast charact book	4
compar how differ children come school	4
compar place where stori happen where live	4
compar book book read	4
compar celebr use venn diagram	4
compar charact book	4
conduct investig produc inform support view	4
construct graph illustr select inform	4
contrast build coastal zone build river floodplain	4
contrast olymp athlet today athlet past olymp game	4
explain patriloc societi term lineag domin sex	4
explain term conjug famili make refer differ type societi which belong	4
how doe pet differ anim	4
how life differ town 100 year ago	4
how would describ timothi	4
how would distinguish polymyos viral myositi 42 year old man weak rash	4
stori happen foreign land compar land unit state	4
good paragraph state main idea book	4
investig innov enhanc futur olymp	4
point sport includ olymp give reason inclus	4
recognis reliabl sourc inform	4
group investig differ kind celebr religi cultur nation communiti famili	4
apprais data support hypothesi	5
apprais speech effect base class criteria	5
assess appropri author conclus base evid given	5
assess relat effect differ graphic represent data biolog concept	5
award contract best propos rank principl good sportsmanship order import	5
defend idea simon incid pig head mystic stori	5
choos illustr import event stori	5
critiqu student speech base criteria studi semest	5
decid whether learn about electr book	5
decid which candid would best posit princip	5
describ econom consequ neoloc societi support descript inform learn cours	5
design healthi menu think peopl would enjoy use healthi eat guid	5
evalu work art give reason evalu	5
evalu appropri inappropri action charact	5
evalu internet sourc inform about egyptian which would better choic purpos whi	5
evalu whether model true represent local environ	5
evalu peer essay term principl composit discuss semest	5
explain choic made make recommend end user	5
given argument posit enumer logic fallaci argument	5
given data avail research question posit defend	5
given data ve look topic evalu how appropri conclus defend answer	5
given clinic situat select reason intervent predict main effect possibl effect	5
judg aesthet qualiti relationship futur valu	5
justifi nomin way prevent anim extinct	5
predict what happen	5
recommend how classroom playground improv	5
select best propos propos water treatment plant	5
solv terror what strategi place futur olymp game	5
tell about excit book sure give reason whi	5
hemingway great american writer need defin great	5
would like cinderella sister explain whi whi	5
write list criteria judg willi rap	5
write review stori specifi type audienc would enjoy book	5
invent charact stori	6
choos charact rewrit scene stori charact point view	6
combin sport develop new olymp sport	6
combin element drama music danc stage present	6
compos simpl rap rhyme about zoo anim	6
compos music frog play	6
construct devic would assist athlet train	6
construct origin work which incorpor common materi sculptur	6
creat new product give name plan market campaign	6
creat storyboard sequel book use charact	6
creat perform play about frog	6
creat plan local environ draw box	6
creat chart compar thing use electr thing do use electr	6
design new anim live jungl	6
design costum charact	6
develop plan new olymp bid	6
develop way teach concept adject	6
explain whi like matriarch famili would matriloc matrilin societi	6
given set data deriv hypothesi explain	6
given oppos theori design experi compar	6
how determin number penni jar count	6
how would chang stori creat differ end	6
how would restructur school day reflect children development need	6
revis how complet complex task order improv outcom	6
write letter editor social issu concern	6
write logic organ argument favor given posit	6
write poem about book	6
write set rule prevent what happen stori	6
write short stori relat person experi style picaresqu novel	6
write essay 250 word about india technolog advanc use activ voic possibl	6
defin compound interest	1
defin mercantil	1
defin stream bank floodplain and substrat	1
draw and label a diagram of a typic stream	1
identifi the five major prophet of the old testament	1
identifi the part of a eukaryot cell	1
label olymp sport apparatus design featur	1
name artist who paint mona lisa	1
recit poem auto wreck	1
recit principl data protect act	1
state definit applic bloom taxonomi	1
describ prose what shown graph form	2
describ word how borrow book librari	2
explain word how creat queri databas	2
express opinion drug sport poetri	2
blueprint describ articl depict	2
given graph product trend automobil describ what graph repres memo boss	2
outlin word how leggo tomato past advertis sell product	2
restat main idea stori word	2
state word where librari previous issu journal longer display rack	2
tell how phillip kept aliv timothi die	2
tell word how set stori made interest	2
tell what meant definit isoscel triangl	2
appli law statist evalu reliabl written test	3
choos presid explain how exercis power command chief arm forc	3
classifi frog toad amphibian	3
classifi anim group	3
construct model demonstr how work	3
demonstr how work industri set	3
deriv kinet model experiment data	3
describ experi answer question effect weight fall object	3
draw pictur bear hous	3
met person who courag timothi stori explain	3
relat principl reinforc classroom interact	3
use cost model vari price good maximis profit minimis cost	3
who use what know about sonnet finish poem	3
break compon standard film camera explain how interact make machin work	4
compar map tecton plate earthquak map what infer make	4
differ feel pa lia stori	4
compar herbati carnivor anim venn diagram	4
compar dog food commerci what differ how do sell product	4
distinguish micro macro econom	4
examin what help make good olymp think about money schedul sport peopl	4
how would stori differ happen differ countri	4
stori occur long ago compar time today good paragraph modern stori compar long time ago tell what would differ	4
infer what would happen media ban olymp sport	4
look word word bank describ peopl write word describ pa lia calliop howi correct column	4
make diagnosi analyz case studi	4
pick main charact think shape fit person trait draw shape describ charact insid shape	4
recogn logic fallaci reason	4
select athlet centuri analys whi chose person	4
use previous exampl compound month instead daili what would differ	4
construct poster advertis new food product excit irresist way	5
critiqu experiment design research propos	5
decid whether favor build floodplain defend posit debat	5
establish criteria make choic defend final select	5
evalu board game justifi whi rule import	5
explain justifi new budget	5
judg whether would possibl surviv island blind write about	5
judg whether olymp ideal realist unrealist contemporari elit athlet	5
listen classmat convers tape critiqu perform basi skill cover semest	5
predict whether phillip visit cay year recoveri assum get sight	5
select effect solut	5
use judg juri discuss statement children enjoy anthoni brown book illustr	5
what criteria would use assess valid busi contract	5
what book did like best tell whi like	5
compos class stori	6
compos rhythm new word known melodi	6
creat new song open line mari littl lamb	6
describ what like blind cay	6
design machin perform specif task	6
develop hypothesi	6
develop plausibl end short stori	6
devis plan market make artwork valuabl	6
draw paint use various principl perspect achiev effect	6
how write stori citi set	6
how would differ south won civil war	6
invent machin do specif task	6
make new languag code write materi use	6
revis process improv outcom	6
